[ec2-user@ip-10-2-11-4 ~]$ mysql -h udacity-readreplica-database.c0vng72ybbah.us-west-2.rds.amazonaws.com -u admin -p
Enter password:
Welcome to the MySQL monitor.  Commands end with ; or \g.
Your MySQL connection id is 9
Server version: 8.0.35 Source distribution

Copyright (c) 2000, 2024, Oracle and/or its affiliates.

Oracle is a registered trademark of Oracle Corporation and/or its
affiliates. Other names may be trademarks of their respective
owners.

Type 'help;' or '\h' for help. Type '\c' to clear the current input statement.

mysql> use udacity
Reading table information for completion of table and column names
You can turn off this feature to get a quicker startup with -A

Database changed
mysql> select * from phone;
+----+------------+--------+
| id | name       | price  |
+----+------------+--------+
|  1 | Test Phone | 190.12 |
+----+------------+--------+
1 row in set (0.00 sec)

mysql> insert into phone (name, price) value ('Test Phone 30', 100.25);
Query OK, 1 row affected (0.00 sec)

mysql> select * from phone;
+----+---------------+--------+
| id | name          | price  |
+----+---------------+--------+
|  1 | Test Phone    | 190.12 |
|  3 | Test Phone 30 | 100.25 |
+----+---------------+--------+
2 rows in set (0.00 sec)

mysql>
